feature_0,feature_1,feature_2,feature_3,feature_4,feature_5,feature_6,feature_7,feature_8,feature_9,feature_10,feature_11,feature_12,feature_13,feature_14,feature_15,feature_16,feature_17,feature_18,feature_19,feature_20,feature_21,feature_22,feature_23,feature_24,feature_25,feature_26,feature_27,feature_28,feature_29,feature_30,feature_31,feature_32,feature_33,feature_34,feature_35,feature_36,feature_37,feature_38,feature_39,feature_40,feature_41,feature_42,feature_43,feature_44,feature_45,feature_46,feature_47,feature_48,feature_49,feature_50,feature_51,feature_52,feature_53,feature_54,feature_55,feature_56,feature_57,feature_58,feature_59,feature_60,feature_61,Label
6321.368305759804,32.585952818627455,0.8278953750510971,0.8261360910318307,-0.025572879300899336,0.6825008409053533,1.7650085827275521,0.9988888,0.0,0.0,0.0,0.0,0.0,0.0,0.0,0.0,0.0,0.0,0.0,0.0,0.0,0.0,0.0,0.0,0.0,0.0,0.0,0.0,0.0,0.014885795,0.031228356,0.024831984,0.018787246,0.007267081,0.0013897874,8.372213e-05,0.0,0.0,0.0,0.20918352003171914,0.012297675094936712,0.0005305585157823441,0.0002539025703154379,8.679892651269547e-08,2.7564064060979983e-05,-3.391521244661749e-08,34.763092041015625,73.65747025456135,0.0,328.00000000000006,0.434539794921875,23.76571237544812,-206.50000000000006,223.00000000000006,0.22500610351562506,24.0167346657765,-211.00000000000003,216.00000000000003,-2.584991455078126,75.60073857805419,-224.50000000000003,223.50000000000003,Benign
4858.487162990196,24.86899509803922,0.868769227107291,0.8667673881134925,0.016323100539963713,0.7512857050970857,1.4291347722861698,0.9993718,0.0,0.0,0.0,0.0,0.0,0.0,0.0,0.0,0.0,0.0,0.0,0.0,0.0,0.0,0.0,0.0,0.0,0.0,0.0,0.0,0.0,0.008555368,0.023502676,0.018569408,0.015438996,0.0065394477,0.0021142575,1.6389593e-05,0.0,0.0,0.0,0.28848133555140365,0.04525288421959371,0.004582840759984789,0.0018809202148231338,5.234346476320589e-06,0.00030941940327634414,-1.7600648649594617e-06,27.135528564453125,67.89633301343531,0.0,331.00000000000006,0.262847900390625,20.148723454732405,-221.00000000000003,211.00000000000003,-0.2254943847656251,21.694165578079257,-219.50000000000003,209.0,-1.282501220703125,66.21360069915853,-223.00000000000003,222.50000000000006,Benign
13175.489705882354,64.03734681372548,0.6792510335729767,0.6755998891760805,-0.1113862036556319,0.4564352102547322,3.157185772000395,0.9965952,0.0,0.0,0.0,0.0,0.0,0.0,0.0,0.0,0.0,0.0,0.0,0.0,0.0,0.0,0.0,0.0,0.0,0.0,0.0,0.0,0.0,0.008303893,0.029045336,0.03418497,0.041062202,0.04417159,0.027874742,0.017394278,5.487154e-05,0.0,0.0,0.17398174296492136,0.001357935451785431,0.00032747152176220774,2.8990640959698222e-05,-2.4470241983573374e-11,2.775736222115914e-07,2.8246015839352286e-09,69.091064453125,97.9892926129527,0.0,342.5,0.1997070312499999,30.351725444577244,-230.00000000000003,225.50000000000003,-0.13983154296875014,31.38351959031873,-229.50000000000003,231.00000000000003,0.5120239257812509,110.18418753974798,-231.50000000000003,231.50000000000003,Benign
6231.217631740197,32.08524816176471,0.8322534595194224,0.8297512473872334,-0.03246221267871561,0.6884871325406697,1.6901435961820876,0.998694,0.0,0.0,0.0,0.0,0.0,0.0,0.0,0.0,0.0,0.0,0.0,0.0,0.0,0.0,0.0,0.0,0.0,0.0,0.0,0.0,0.0,0.007432996,0.03215397,0.032488037,0.021447117,0.0024219875,0.0,3.3406723e-05,0.0,0.0,0.0,0.16935134776816752,0.002145648168168917,8.981515413148703e-05,3.88841282952606e-06,-4.00791452066609e-11,-8.851784800301712e-08,-6.061403216225109e-11,34.00054931640625,73.73325542956327,0.0,309.50000000000006,-0.00787353515625,20.48449564990268,-208.00000000000006,204.50000000000006,0.21148681640625006,19.801525570724316,-205.00000000000003,208.00000000000006,-0.03753662109374978,76.15353060957095,-211.50000000000003,222.00000000000003,Benign
3473.3116115196076,17.00772058823529,0.9136501399766764,0.9121275957648276,0.053224982938817056,0.8319767509557247,1.039220712601757,0.9998202,0.0,0.0,0.0,0.0,0.0,0.0,0.0,0.0,0.0,0.0,0.0,0.0,0.0,0.0,0.0,0.0,0.0,0.0,0.0,0.0,0.0,0.0038860573,0.009179411,0.0070684664,0.0074362825,0.0079800105,0.008683659,0.0039980016,0.0,0.0,0.0,0.1804358513728213,0.003635877082495639,0.00022567388607716045,9.785677803915418e-06,-4.5301630848496345e-10,-5.376941364771591e-07,-7.904931961932016e-11,18.744934082031254,59.42615065409368,0.0,434.00000000000006,0.0933837890625,18.549042928929474,-228.50000000000006,226.50000000000003,0.17932128906250003,17.96618299267991,-230.50000000000003,226.00000000000003,-2.79107666015625,55.80692651091538,-229.50000000000006,231.00000000000003,Benign
1653.2520067401963,8.725873161764707,0.9526132001912929,0.9521633453498424,0.04778194022315329,0.9066150362278032,0.5539180206173457,0.9999041,0.0,0.0,0.0,0.0,0.0,0.0,0.0,0.0,0.0,0.0,0.0,0.0,0.0,0.0,0.0,0.0,0.0,0.0,0.0,0.0,0.0,0.007806862,0.010591674,0.0038017381,0.0015175663,0.0013611162,0.00032854528,0.0,0.0,0.0,0.0,0.4341732823578833,0.07653404940739009,0.045500872459410174,0.03357371553437699,0.001301424167061096,0.009287244996139851,0.00016803230216354303,9.374603271484375,39.521043505788846,0.0,320.50000000000006,-0.02780151367187505,15.523683405848539,-203.50000000000003,210.00000000000003,-0.15414428710937503,16.671617739424505,-210.50000000000003,209.0,-1.4855041503906252,37.18911318654681,-216.00000000000006,219.00000000000006,Benign
3688.471354166667,18.54730392156863,0.9038481682193725,0.9025136710340633,0.030297589596909102,0.8145309264033815,1.1115426014104846,0.9997413,0.0,0.0,0.0,0.0,0.0,0.0,0.0,0.0,0.0,0.0,0.0,0.0,0.0,0.0,0.0,0.0,0.0,0.0,0.0,0.0,0.0,0.005896899,0.013031022,0.010540506,0.010508371,0.008258872,0.0048042857,0.00024101767,0.0,0.0,0.0,0.22033586331231447,0.01470805283514213,0.0017778785995556244,0.00030982670263247783,1.702765211738184e-07,1.7688960018439318e-05,-1.5453773528844645e-07,20.06109619140625,59.81537979139964,0.0,332.50000000000006,0.09429931640625006,18.031432461497197,-221.00000000000003,213.00000000000003,0.31170654296875006,19.804543599521992,-220.00000000000003,224.00000000000006,2.01068115234375,57.27049968103753,-223.00000000000006,225.00000000000003,Benign
18879.396476715687,88.56740196078432,0.5739136355532899,0.5686603942572294,-0.19645034316049945,0.32337464399678756,3.9157116166950594,0.9921989,0.0,0.0,0.0,0.0,0.0,0.0,0.0,0.0,0.0,0.0,0.0,0.0,0.0,0.0,0.0,0.0,0.0,0.0,0.0,0.0,0.0,0.008860138,0.024258044,0.02942971,0.032864477,0.04000723,0.08095122,0.06908566,0.0013270691,0.0,0.0,0.18496741236620748,0.0034303301673297647,0.0009958109750014493,0.00016665260175838793,4.8566097577065006e-08,6.522713303074887e-06,-4.7438413697870035e-08,95.13699340820312,107.6771042563083,0.0,348.00000000000006,0.201080322265625,33.467995267224,-228.50000000000006,229.00000000000003,0.06948852539062518,34.01274824669541,-231.00000000000003,230.00000000000003,1.4453430175781252,132.69878594784967,-233.50000000000006,233.00000000000003,Benign
2611.577236519608,13.625214460784314,0.9270949624690219,0.9263897394988339,0.02964432624758549,0.8581979494487172,0.82347922113001,0.99979126,0.0,0.0,0.0,0.0,0.0,0.0,0.0,0.0,0.0,0.0,0.0,0.0,0.0,0.0,0.0,0.0,0.0,0.0,0.0,0.0,0.0,0.0071199588,0.015841512,0.008705696,0.006105087,0.0016650237,0.0,0.0,0.0,0.0,0.0,0.3013552175062579,0.0518363045594481,0.008389842019368226,0.004015615642035678,2.3290256348620847e-05,0.0009140898962038953,-9.094193370466512e-07,14.530364990234375,49.47695117646545,0.0,309.50000000000006,0.111114501953125,17.83481754664028,-209.5,211.00000000000003,-0.04336547851562503,17.32914985632274,-210.50000000000003,209.0,-1.093353271484375,47.90579131676314,-211.00000000000003,214.00000000000003,Benign
5493.546338848039,26.713924632352946,0.8659264339349396,0.8638943722575316,0.009550116651051595,0.7463134864182347,1.5133648168441907,0.99955416,0.0,0.0,0.0,0.0,0.0,0.0,0.0,0.0,0.0,0.0,0.0,0.0,0.0,0.0,0.0,0.0,0.0,0.0,0.0,0.0,0.0,0.005827012,0.014296697,0.012277761,0.008010089,0.0128850825,0.013755031,0.009109836,0.0,0.0,0.0,0.19896214625337663,0.010967479760453999,0.000407139204192977,1.3909223945591292e-05,1.7707332713667407e-10,7.287243781541293e-08,1.0316220353690415e-09,28.954742431640625,71.642254229154,0.0,341.00000000000006,0.0066223144531249445,21.339069037796243,-227.00000000000003,227.00000000000003,-0.03427124023437496,21.510355039933835,-226.00000000000003,228.00000000000006,-1.1512145996093752,70.79904517950392,-230.00000000000003,230.00000000000003,Benign
829.693244485294,4.41766237745098,0.9759906211502607,0.9756988147756818,0.05141433899326988,0.9519881771546701,0.2970284099813323,0.99997413,0.0,0.0,0.0,0.0,0.0,0.0,0.0,0.0,0.0,0.0,0.0,0.0,0.0,0.0,0.0,0.0,0.0,0.0,0.0,0.0,0.0,0.0040485407,0.0052074743,0.002812345,0.00064900273,0.0,0.0,0.0,0.0,0.0,0.0,0.19412174494986723,0.008705301028427637,0.0001970119074238852,1.804396103474754e-05,1.0547529020064325e-09,1.1467177007984321e-06,-2.1191668191969127e-10,4.71771240234375,28.1970089670655,0.0,302.50000000000006,0.08404541015625,10.849968580828666,-199.5,184.5,-0.028015136718749976,11.696873176419402,-199.50000000000003,189.50000000000003,0.6696166992187502,26.492063821215922,-204.5,200.50000000000003,Benign
2819.04784007353,14.70715379901961,0.9214762849684343,0.9204614023107449,0.028093555620087685,0.847249193143863,0.8859149411307593,0.99976915,0.0,0.0,0.0,0.0,0.0,0.0,0.0,0.0,0.0,0.0,0.0,0.0,0.0,0.0,0.0,0.0,0.0,0.0,0.0,0.0,0.0,0.010055446,0.016085532,0.008257559,0.005298202,0.002068367,0.0011614677,1.5910517e-05,0.0,0.0,0.0,0.19534988371090217,0.011754703040836902,0.00011884653613628398,2.226239222897841e-05,1.066922638932707e-09,1.8348334151396386e-06,4.1590377988345663e-10,15.770477294921875,51.47294461852632,0.0,312.0,-0.02493286132812499,17.888386126501867,-213.50000000000006,202.5,0.016387939453125066,19.36940340956005,-198.0,218.00000000000006,0.9795227050781248,49.595783005074615,-219.00000000000003,222.50000000000003,Benign
7052.583808210784,35.09563419117647,0.8207493543839497,0.8183152886894778,-0.025168399677764523,0.6696399117029433,1.8933226067151463,0.9989575,0.0,0.0,0.0,0.0,0.0,0.0,0.0,0.0,0.0,0.0,0.0,0.0,0.0,0.0,0.0,0.0,0.0,0.0,0.0,0.0,0.0,0.0062422226,0.019904446,0.023757461,0.023673333,0.021183176,0.008665079,0.00028603175,0.0,0.0,0.0,0.1655339062297889,0.00027359865467350156,0.00018315253574970684,3.1098644223537675e-06,-1.8852006558256434e-11,-5.091708517748474e-08,7.178545777990995e-11,37.67022705078125,78.66017486729564,0.0,328.50000000000006,-0.14385986328124994,22.723332695124867,-216.50000000000003,217.00000000000003,-0.16400146484375,21.86404068113321,-217.00000000000003,220.50000000000003,2.975036621093751,80.75655970522435,-224.00000000000003,224.50000000000003,Benign
5832.200827205883,30.534589460784314,0.8364340310698453,0.8345035007277566,-0.018948391186036466,0.6963960927268809,1.625144473388348,0.99862355,0.0,0.0,0.0,0.0,0.0,0.0,0.0,0.0,0.0,0.0,0.0,0.0,0.0,0.0,0.0,0.0,0.0,0.0,0.0,0.0,0.0,0.013650322,0.040017612,0.029434027,0.009816898,0.0006666824,8.33353e-05,0.0,0.0,0.0,0.0,0.20808876432589096,0.008890871345191504,6.675480642662454e-05,0.00011738502308202331,8.843624004324177e-09,1.079590748951122e-06,-5.4557004472341295e-09,32.732177734375,71.66796004025574,0.0,306.5,0.07006835937500006,21.23542204683123,-209.0,204.5,-0.09625244140625006,23.326722854687464,-214.00000000000006,201.00000000000003,0.58294677734375,72.83732739414575,-218.50000000000003,215.00000000000006,Benign
3544.186810661765,18.603998161764707,0.8997863582880464,0.8986512031955605,0.019536807249450523,0.8075739850048285,1.0740681084212684,0.9995594,0.0,0.0,0.0,0.0,0.0,0.0,0.0,0.0,0.0,0.0,0.0,0.0,0.0,0.0,0.0,0.0,0.0,0.0,0.0,0.0,0.0,0.011397411,0.022617744,0.013924803,0.006712882,0.00078880385,0.0,0.0,0.0,0.0,0.0,0.460541451360604,0.15377460205365265,0.010983831537229288,0.007921721839082577,7.379672386635635e-05,0.0030980178076633596,3.7808499470886635e-06,20.000030517578125,57.339543309375784,0.0,300.00000000000006,-0.08193969726562501,18.835762108325795,-202.50000000000003,199.50000000000006,-0.257598876953125,20.766194549216216,-204.50000000000003,200.00000000000003,2.228302001953125,56.07070698053032,-210.00000000000003,211.00000000000003,Benign
3303.7953125,17.452236519607844,0.9052341845069427,0.904150029203132,0.02779757684731275,0.8174872753080246,1.0086682445066577,0.9995471,0.0,0.0,0.0,0.0,0.0,0.0,0.0,0.0,0.0,0.0,0.0,0.0,0.0,0.0,0.0,0.0,0.0,0.0,0.0,0.0,0.0,0.010546049,0.024430877,0.013579844,0.0036116606,0.00024077737,0.0,1.6051825e-05,0.0,0.0,0.0,0.3482993364877126,0.041890303504752056,0.007944471372553932,0.0007291525917540134,7.139238563338984e-07,2.1292872824405225e-05,1.603152160978488e-06,18.865203857421875,55.58788567865826,0.0,305.00000000000006,0.127410888671875,20.175369867795784,-207.50000000000006,207.5,-0.02987670898437498,20.333855398704507,-203.00000000000006,204.50000000000003,0.033477783203125,53.69097975085011,-218.00000000000003,209.00000000000006,Benign
2051.014813112745,10.405131740196076,0.946403773570887,0.9457641111666419,0.019570905530162563,0.8944697539708282,0.644594941880769,0.99991524,0.0,0.0,0.0,0.0,0.0,0.0,0.0,0.0,0.0,0.0,0.0,0.0,0.0,0.0,0.0,0.0,0.0,0.0,0.0,0.0,0.0,0.00368845,0.00678047,0.006262517,0.006545037,0.005273699,0.00015695533,0.0,0.0,0.0,0.0,0.23228747869062077,0.019651271026778237,0.003792816890619334,0.0004671060810938029,5.560537800807376e-07,5.260022970912872e-05,2.781306392537678e-07,10.968963623046875,44.485223245009635,0.0,318.50000000000006,0.187347412109375,13.107373271447594,-199.5,210.00000000000003,-0.06417846679687503,13.499291897531188,-204.0,209.0,0.374176025390625,43.23661984529723,-215.00000000000003,216.50000000000003,Benign
17350.330836397057,87.15534620098039,0.5511539221592326,0.5473059286833067,-0.21538333188226425,0.2995437795718969,3.9499532697331055,0.98962516,0.0,0.0,0.0,0.0,0.0,0.0,0.0,0.0,0.0,0.0,0.0,0.0,0.0,0.0,0.0,0.0,0.0,0.0,0.0,0.0,0.0,0.01907416,0.05864416,0.07896229,0.089605115,0.05015359,0.0077204937,0.0002566916,0.0,0.0,0.0,0.1681734477421174,0.00013440135214349072,0.00025763778364281824,1.3197182409539245e-05,4.956799663904737e-10,1.520172447420426e-07,-5.886260766784812e-10,93.46981811523438,99.8365006553299,0.0,393.00000000000006,0.3761901855468751,34.21392044773968,-216.50000000000006,218.50000000000006,-0.03799438476562497,36.38377382447987,-221.50000000000003,218.5,2.479949951171875,126.55373755921815,-221.00000000000003,227.50000000000006,Benign
7655.964981617648,39.4311274509804,0.7884762609928304,0.7863809321891672,-0.01585791635193973,0.6183949705107035,2.128593133990739,0.99811566,0.0,0.0,0.0,0.0,0.0,0.0,0.0,0.0,0.0,0.0,0.0,0.0,0.0,0.0,0.0,0.0,0.0,0.0,0.0,0.0,0.0,0.016088957,0.038592912,0.03656893,0.024630856,0.008353222,0.0017495455,0.0,0.0,0.0,0.0,0.20644408061782726,0.0031060453222257534,0.00034850968984261055,2.299158566142038e-05,1.122420513695189e-09,3.684672652716078e-07,1.7250615773602324e-09,43.492767333984375,80.89969665430075,0.0,329.50000000000006,-0.192291259765625,29.209024990449564,-214.50000000000006,214.00000000000003,-0.15151977539062497,30.569680687389504,-220.00000000000003,221.00000000000003,1.7553405761718746,81.76716999300972,-222.00000000000006,220.00000000000003,Benign
6669.816881127451,33.212071078431364,0.8302064087512665,0.8277251025000438,-0.0152550011753696,0.685128845308708,1.8118814051945413,0.9990748,0.0,0.0,0.0,0.0,0.0,0.0,0.0,0.0,0.0,0.0,0.0,0.0,0.0,0.0,0.0,0.0,0.0,0.0,0.0,0.0,0.0,0.006109884,0.018296173,0.022748856,0.022162976,0.020037072,0.008185571,0.0004184852,0.0,0.0,0.0,0.16613881141633619,0.00041333935607016747,0.00019301880787381544,3.2014376814158413e-06,-4.2494029955202276e-11,-6.460715037386325e-08,6.728763877112976e-11,35.775634765625,77.24474891504688,0.0,336.50000000000006,0.06091308593750008,22.435795995232972,-219.00000000000006,219.50000000000006,-0.1494140625,21.6562080548033,-224.00000000000003,222.00000000000003,4.2275390625,78.34729185189377,-224.50000000000006,224.50000000000006,Benign
1135.1666207107844,5.780376838235294,0.9697842934741784,0.9692627213194223,0.06545386993279902,0.939470222939532,0.39235825177677336,0.9999701,0.0,0.0,0.0,0.0,0.0,0.0,0.0,0.0,0.0,0.0,0.0,0.0,0.0,0.0,0.0,0.0,0.0,0.0,0.0,0.0,0.0,0.0017524562,0.003799573,0.0048541487,0.0036755055,0.0022797438,3.1016923e-05,0.0,0.0,0.0,0.0,0.22113348916817788,0.011313038816322974,0.004910361068177607,0.0002209111931871688,-1.7046687476497984e-07,-1.905150149644752e-05,-1.5452808906424554e-07,6.325469970703125,34.581033984848645,0.0,320.50000000000006,0.026824951171875014,10.2393265706411,-211.50000000000003,209.5,-0.026885986328124993,9.466677097263663,-208.0,207.00000000000003,0.3147277832031249,32.49517960813964,-215.50000000000003,212.50000000000006,Malignant
5679.578446691177,29.05773590686275,0.8481585248932286,0.8468230894621057,-0.02740353485113537,0.7171093448461455,1.586152531680696,0.99916524,0.0,0.0,0.0,0.0,0.0,0.0,0.0,0.0,0.0,0.0,0.0,0.0,0.0,0.0,0.0,0.0,0.0,0.0,0.0,0.0,0.0,0.012030758,0.03039959,0.020917302,0.01002839,0.0070331115,0.0028132447,1.6548498e-05,0.0,0.0021182077,0.0,0.27588883914334744,0.03396664619850516,0.002514126512917941,0.0011206080203364883,1.8470732977695213e-06,0.00018230056025905187,-3.5530644229360685e-07,30.645843505859375,69.93098655583788,0.0,329.5,-0.7568054199218752,21.692286233945016,-242.00000000000003,217.00000000000006,-0.01382446289062507,22.910541701732917,-213.00000000000006,220.00000000000003,-0.13265991210937494,71.79637360988602,-222.50000000000006,223.00000000000006,Malignant
24527.855055147058,109.02610294117648,0.5069469150908893,0.5019578287327463,-0.26879602791732754,0.25196166182609303,4.313131593270927,0.98553354,0.0,0.0,0.0,0.0,0.0,0.0,0.0,0.0,0.0,0.0,0.0,0.0,0.0,0.0,0.0,0.0,0.0,0.0,0.0,0.0,0.0,0.0039928863,0.012262418,0.014268995,0.02235611,0.027017856,0.04191517,0.08091169,0.13715667,0.0028983897,0.0,0.17257948069457435,0.0010545530379378817,0.0007508237453547078,2.9751848519449304e-05,-8.000988859636161e-10,-5.759897198390368e-07,-4.374148364819405e-09,115.55194091796875,113.58201688842219,0.0,360.00000000000006,0.41534423828125006,34.582309520068954,-238.00000000000006,242.00000000000003,0.09674072265624994,32.49742202248634,-239.00000000000003,238.00000000000006,-2.916809082031249,153.1006203907639,-240.50000000000003,242.00000000000003,Malignant
2509.1895833333333,12.954779411764704,0.9319753746332243,0.9312068515456606,0.014839116394674138,0.8671462003655821,0.7855158644283577,0.9998451,0.0,0.0,0.0,0.0,0.0,0.0,0.0,0.0,0.0,0.0,0.0,0.0,0.0,0.0,0.0,0.0,0.0,0.0,0.0,0.0,0.0,0.006579801,0.013365221,0.0074655437,0.0041598263,0.0034955193,0.0016607671,0.0,0.0,0.0,0.0,0.3057676346733757,0.04656118064105606,0.018800338655348484,0.006191949685677312,6.481546225046079e-05,0.0011917857534488165,1.619172912838643e-05,13.68560791015625,48.18588539363505,0.0,318.50000000000006,-0.46490478515625006,17.08712133718024,-211.50000000000003,216.00000000000003,-0.3377685546875,16.821021504481994,-214.50000000000003,203.50000000000006,2.19482421875,47.03882707411149,-221.00000000000003,218.50000000000006,Malignant
3085.1219975490194,14.849111519607844,0.9266348129117663,0.92568795831819,0.024638595874652412,0.856898196175299,0.895400152417446,0.99988633,0.0,0.0,0.0,0.0,0.0,0.0,0.0,0.0,0.0,0.0,0.0,0.0,0.0,0.0,0.0,0.0,0.0,0.0,0.0,0.0,0.0,0.004030072,0.0061561735,0.004712329,0.0045219315,0.006552834,0.006441769,0.0067432313,0.0007774549,0.0,0.0,0.16723705536424557,0.001172769200962182,9.695153020271581e-05,3.2977484560198767e-06,5.4941057957162465e-11,1.1232427208449559e-07,-2.1412627140955746e-11,15.844787597656254,54.42958309860451,0.0,351.50000000000006,0.24627685546875003,15.968896718550287,-217.50000000000006,221.00000000000003,0.20751953125,15.600793619937551,-229.50000000000003,229.00000000000003,1.8897705078125004,53.47774173824044,-233.50000000000006,234.00000000000006,Malignant
3984.027941176471,20.67928921568628,0.890157771726962,0.8886702268514679,0.011991935142869373,0.7897347720922394,1.1882037825246035,0.99953574,0.0,0.0,0.0,0.0,0.0,0.0,0.0,0.0,0.0,0.0,0.0,0.0,0.0,0.0,0.0,0.0,0.0,0.0,0.0,0.0,0.0,0.011298396,0.022580605,0.012237231,0.011395517,0.0033344836,8.093407e-05,6.4747255e-05,0.00017805495,6.4747255e-05,4.856044e-05,0.2889162943226106,0.03200046932776082,0.015165625881463595,0.0016275255975526759,3.212480202671547e-08,-6.5054184475669e-06,-8.085715999616826e-06,22.22125244140625,60.467864253798204,0.0,314.50000000000006,0.045593261718749986,20.207172747175036,-210.50000000000003,214.50000000000003,-0.09631347656250003,20.17424102805314,-205.00000000000003,210.50000000000003,1.7176513671875,59.99218132204307,-243.50000000000006,221.00000000000003,Malignant
5235.5031709558825,26.934083946078438,0.8574705487395891,0.8558126254921424,0.00021599707514030405,0.732415249951754,1.5137368652860048,0.99928355,0.0,0.0,0.0,0.0,0.0,0.0,0.0,0.0,0.0,0.0,0.0,0.0,0.0,0.0,0.0,0.0,0.0,0.0,0.0,0.0,0.0,0.01333455,0.025152685,0.017455239,0.016037721,0.007631516,0.0013186205,0.0,0.0,0.0,0.0,0.24877530783888416,0.009654701135095062,0.0008378468082740007,0.001572173559618259,1.2273394196118208e-06,0.00011854296604721751,1.3226869099176303e-06,29.077545166015625,68.70080925249297,0.0,322.00000000000006,-0.012115478515625059,22.81975730703757,-210.00000000000003,205.00000000000003,0.111785888671875,24.26728316803257,-215.00000000000003,215.00000000000003,-1.5039978027343754,68.09706301105388,-222.00000000000003,220.00000000000006,Malignant
16867.93725490196,82.37852328431373,0.5858533858547275,0.5808129503025318,-0.17410752446009292,0.3373436832391313,3.7515169705579274,0.9911968,0.0,0.0,0.0,0.0,0.0,0.0,0.0,0.0,0.0,0.0,0.0,0.0,0.0,0.0,0.0,0.0,0.0,0.0,0.0,0.0,0.0,0.008675175,0.030498663,0.043143503,0.06874301,0.09434253,0.03218335,0.0002710992,0.0,0.0,0.0,0.1818918820271323,0.005723903706065426,0.00015473866660396278,8.648407937502194e-06,-3.0253797229597237e-10,-5.013669580087862e-07,-9.254520620946981e-11,89.48355102539062,103.76108157386143,0.0,333.50000000000006,0.48709106445312506,33.72329357833419,-220.00000000000003,222.50000000000006,-0.1950988769531251,36.96445313650862,-221.50000000000003,220.50000000000003,-0.6520080566406252,124.02288205435045,-224.50000000000003,225.00000000000003,Malignant
3473.1930606617643,17.7757506127451,0.9071322511595641,0.9059130463412373,0.014887331810804564,0.8206784475312606,1.0387540200394243,0.9996731,0.0,0.0,0.0,0.0,0.0,0.0,0.0,0.0,0.0,0.0,0.0,0.0,0.0,0.0,0.0,0.0,0.0,0.0,0.0,0.0,0.0,0.0045217387,0.014655565,0.016082639,0.012154178,0.003447425,0.00030465616,0.0,0.0,0.0,0.0,0.2915127168714749,0.04868877991207935,0.005184329901737652,0.0017736088862837362,5.198204936611613e-06,0.00036005175067108986,1.3795607725779783e-06,18.996826171875,57.3468934525427,0.0,311.50000000000006,0.07775878906250001,17.11892380389422,-208.50000000000003,211.50000000000003,-0.07580566406250001,18.459874283954946,-215.00000000000003,214.00000000000006,1.620361328125,56.028536281941065,-215.00000000000006,220.00000000000003,Malignant
6419.968949142156,32.5930300245098,0.8293569017986415,0.8267747633337654,-0.006869187488652868,0.6835565092856039,1.8091042681151397,0.99896723,0.0,0.0,0.0,0.0,0.0,0.0,0.0,0.0,0.0,0.0,0.0,0.0,0.0,0.0,0.0,0.0,0.0,0.0,0.0,0.0,0.0,0.010827005,0.0285424,0.027017234,0.016022626,0.011447128,0.0032011734,0.00020112084,0.002162049,0.0,0.0,0.18195037672801528,0.002238022520305204,0.0007206464771677265,7.530238842572311e-05,1.7252309489259535e-08,3.435124482259641e-06,-3.1737539864724042e-09,35.552398681640625,75.06614667946509,0.0,334.50000000000006,-0.2392272949218751,26.2634110535842,-234.00000000000003,215.50000000000003,0.10830688476562503,26.745435161300804,-222.50000000000006,220.50000000000003,-4.312591552734375,75.42613813517819,-227.00000000000003,223.50000000000006,Malignant
17362.37930453431,82.71193321078431,0.5962908645578644,0.5934596209462081,-0.19033172606490634,0.352194321693617,3.814605143789704,0.99452645,0.0,0.0,0.0,0.0,0.0,0.0,0.0,0.0,0.0,0.0,0.0,0.0,0.0,0.0,0.0,0.0,0.0,0.0,0.0,0.0,0.0,0.008503836,0.025434723,0.03528228,0.045225818,0.055726036,0.050293565,0.034687202,0.008350267,0.0,0.0,0.17680406236949303,0.0020567719746754773,0.0004665001989625903,3.2691400818868306e-05,-3.930647374859607e-09,-1.4805261240083165e-06,9.212442080704984e-10,87.57113647460938,102.82219358523301,0.0,346.00000000000006,0.4350891113281251,34.10963510307048,-228.00000000000006,235.00000000000003,-0.0023498535156249167,35.94068104088027,-235.00000000000003,235.00000000000003,-5.023040771484376,126.6673163941161,-236.00000000000003,236.00000000000003,Malignant
17291.43106617647,78.55333946078431,0.6353363907875388,0.6310054785659749,-0.16175335183642414,0.398167913980275,3.5373999873188904,0.9957774,0.0,0.0,0.0,0.0,0.0,0.0,0.0,0.0,0.0,0.0,0.0,0.0,0.0,0.0,0.0,0.0,0.0,0.0,0.0,0.0,0.0,0.0065653594,0.016563464,0.01628209,0.016957385,0.021553136,0.042393465,0.05552418,0.04539477,0.012324118,0.0,0.1812761446593869,0.001535630226378785,0.0006169203943629483,6.593655255653117e-05,-1.253808425330323e-08,-1.1439794210891843e-06,4.432558243396997e-09,83.14666748046875,107.51009163491324,0.0,361.50000000000006,-0.041198730468749944,30.67179011989272,-241.00000000000003,240.00000000000003,0.01831054687499989,30.10463219857974,-241.00000000000003,242.00000000000003,-3.223144531249999,127.52564623242138,-242.00000000000003,242.00000000000003,Malignant
20130.54067095588,96.28981311274511,0.5272339351507528,0.5235381785755001,-0.24357718734030856,0.2740922244261522,4.3045829326964435,0.9913216,0.0,0.0,0.0,0.0,0.0,0.0,0.0,0.0,0.0,0.0,0.0,0.0,0.0,0.0,0.0,0.0,0.0,0.0,0.0,0.0,0.0,0.015340998,0.044436686,0.041083355,0.04295078,0.0552798,0.08238758,0.041123513,0.0020280639,0.0,0.0,0.1694315905578201,0.0009677946859773717,0.00026006087995193033,5.025289504729151e-06,-1.2670192715396002e-10,-7.096671393128384e-09,-1.3019213314968909e-10,102.5311279296875,105.22079943428989,0.0,343.00000000000006,-0.025329589843749944,34.081444961128646,-231.50000000000003,228.50000000000006,0.06787109375,36.14317547959792,-227.00000000000003,228.0,5.49029541015625,136.8616064938976,-234.50000000000003,234.50000000000003,Malignant
2724.0476562500003,13.470481004901961,0.9316982063338058,0.9304664167442219,0.037347884781667735,0.8657677526888321,0.8338701621250568,0.9998868,0.0,0.0,0.0,0.0,0.0,0.0,0.0,0.0,0.0,0.0,0.0,0.0,0.0,0.0,0.0,0.0,0.0,0.0,0.0,0.0,0.0,0.003609414,0.008786074,0.0065855975,0.0059681977,0.00435346,0.0055091055,0.0027862142,0.0,0.0,0.0,0.25881342181734224,0.025797270697241057,0.010779212451033736,0.0022562620258658327,1.0312143627883955e-05,0.00028227897021502785,4.179673216388115e-06,14.58184814453125,51.96498322236965,0.0,337.00000000000006,0.28515625000000006,15.759228621451118,-223.50000000000006,226.50000000000003,-0.1627197265625,14.60519176658199,-223.00000000000006,228.5,0.3333129882812502,50.209565265991806,-227.00000000000003,228.00000000000006,Malignant
4041.523774509804,20.912837009803923,0.8889342111426446,0.886977948294978,0.02444425329308315,0.7867298807615686,1.2126597795905718,0.9994826,0.0,0.0,0.0,0.0,0.0,0.0,0.0,0.0,0.0,0.0,0.0,0.0,0.0,0.0,0.0,0.0,0.0,0.0,0.0,0.0,0.0,0.007503696,0.023110734,0.018005628,0.010356072,0.003565471,8.103343e-05,1.6206686e-05,0.0,0.0,0.0,0.2257412971663325,0.00833151382893853,0.0003142600162905248,2.6418934470756997e-05,-2.406975951755994e-09,1.5158729126974623e-06,3.494286628335617e-11,22.769012451171875,62.55043940163209,0.0,313.0,0.0005798339843750555,18.394323028013556,-207.00000000000006,206.50000000000003,0.146514892578125,17.812964359696217,-205.50000000000003,206.00000000000003,1.1140441894531252,60.97753625625435,-221.50000000000003,216.00000000000003,Malignant
347.4020067401961,1.8425398284313728,0.9899744031765362,0.989829865418456,0.07074177099228715,0.9797631624743187,0.13804208471592183,0.99999547,0.0,0.0,0.0,0.0,0.0,0.0,0.0,0.0,0.0,0.0,0.0,0.0,0.0,0.0,0.0,0.0,0.0,0.0,0.0,0.0,0.0,0.0016108174,0.0021477565,0.0013500184,0.00029148124,0.0,0.0,0.0,0.0,0.0,0.0,0.2257732963015492,0.008101269321972953,0.0036362435982217143,0.0005017306075603606,3.796756068378681e-07,-1.8750371032723766e-05,-5.613491970531746e-07,2.024871826171875,19.40615110861169,0.0,296.5,0.021575927734375017,5.644376473383727,-198.0,189.00000000000003,0.10488891601562504,5.698858626804572,-192.00000000000003,203.50000000000006,0.398223876953125,17.859086280875903,-200.50000000000003,203.50000000000003,Malignant
2296.960324754902,11.794638480392155,0.9373988110957119,0.936673971335865,0.052251007774782324,0.877358128578101,0.7482124612792906,0.99987257,0.0,0.0,0.0,0.0,0.0,0.0,0.0,0.0,0.0,0.0,0.0,0.0,0.0,0.0,0.0,0.0,0.0,0.0,0.0,0.0,0.0,0.0048432583,0.011090589,0.0077776103,0.006026465,0.0032183216,0.0010727738,0.0,0.0,0.0,0.0,0.563475726934416,0.21740661862293187,0.0502123750475043,0.023799957319488668,0.00077495878415658,0.007846743069506912,0.0002763366187298992,12.802032470703125,47.06305353929243,0.0,327.0,0.140228271484375,17.50017887664277,-213.50000000000003,220.00000000000003,0.1950378417968751,17.66325480962553,-216.50000000000003,211.50000000000003,0.16531372070312494,44.672550628435296,-219.50000000000003,221.00000000000006,Malignant
12752.541207107843,66.23008578431372,0.6488120484059116,0.644463462828632,-0.1404310000275545,0.41533315492107153,3.127335191374115,0.9934111,0.0,0.0,0.0,0.0,0.0,0.0,0.0,0.0,0.0,0.0,0.0,0.0,0.0,0.0,0.0,0.0,0.0,0.0,0.0,0.0,0.0,0.035322938,0.08481223,0.052984405,0.042406116,0.009369873,7.436408e-05,0.0,0.0,0.0,0.0,0.2671413619826407,0.00593081437664363,0.006002120645799988,0.002085760194007148,7.192989454779662e-06,0.00015339867190456796,-1.6502838704789264e-06,71.01516723632812,93.45561608481248,0.0,322.00000000000006,0.098724365234375,28.475779699609387,-207.00000000000006,208.50000000000003,0.06491088867187501,30.96964004585291,-212.00000000000003,212.50000000000003,-0.798675537109375,108.69854211505408,-216.00000000000003,216.00000000000003,Malignant
6492.516927083335,33.31643688725491,0.8246051841722848,0.8224913521373102,-0.02193455518875501,0.6764920243406608,1.7986025062576436,0.9987684,0.0,0.0,0.0,0.0,0.0,0.0,0.0,0.0,0.0,0.0,0.0,0.0,0.0,0.0,0.0,0.0,0.0,0.0,0.0,0.0,0.0,0.0108421305,0.030411674,0.0296732,0.021885663,0.007720403,0.00058742194,1.6783484e-05,1.6783484e-05,0.0,0.0,0.34329285960092765,0.048258368521308125,0.04253629845825458,0.013928922071663385,0.0002959330601201344,0.0019184738274164558,0.00016545235807614487,35.7882080078125,75.17661175000268,0.0,322.50000000000006,0.4154663085937501,23.167283345900447,-216.00000000000003,215.50000000000003,0.1058349609375,22.52517916514719,-211.50000000000003,216.00000000000003,-3.77056884765625,77.22543055580803,-218.00000000000006,223.00000000000006,Malignant
16310.076593137257,74.11755514705884,0.65532750834255,0.6477677393159518,-0.12583279303980127,0.41960304409849886,3.3756837954078676,0.9954533,0.0,0.0,0.0,0.0,0.0,0.0,0.0,0.0,0.0,0.0,0.0,0.0,0.0,0.0,0.0,0.0,0.0,0.0,0.0,0.0,0.0,0.0052274787,0.013357045,0.017524146,0.01975652,0.02178426,0.02909529,0.062022824,0.05478621,0.00016742814,0.0,0.16405314157426323,0.0012230847026230035,2.8537704943912056e-05,6.093423165600665e-07,9.141438404481706e-13,6.5363348497381186e-09,2.370849814199225e-12,80.32400512695312,107.67867381124732,0.0,358.50000000000006,0.42086791992187494,31.723554665406272,-238.50000000000006,239.00000000000003,-0.0538635253906251,32.4475009001158,-237.00000000000003,240.00000000000003,3.633697509765626,123.38525864593123,-240.00000000000003,239.50000000000003,Malignant
318.09629289215684,1.6693014705882354,0.9910056850154987,0.9908250998518554,0.08027842940761282,0.9817343784964393,0.12763546581370694,0.99999624,0.0,0.0,0.0,0.0,0.0,0.0,0.0,0.0,0.0,0.0,0.0,0.0,0.0,0.0,0.0,0.0,0.0,0.0,0.0,0.0,0.0,0.0008893763,0.0019320933,0.0016407459,0.00047535627,0.0,0.0,0.0,0.0,0.0,0.0,0.22090130182815396,0.013728106831926828,0.0034444320933673857,0.0003103867858159002,2.4723799212353796e-07,2.469847812150569e-05,2.0462409682569282e-07,1.870941162109375,18.806161585165086,0.0,287.50000000000006,-0.01016235351562501,5.43861988943577,-195.5,183.50000000000003,0.058807373046875,5.634614120558913,-191.50000000000003,196.50000000000003,0.19467163085937494,17.16520988006399,-204.0,203.00000000000006,Normal
424.752512254902,2.180575980392157,0.9886626217182942,0.9885890427878337,0.029415840590743866,0.9773082955201652,0.156449955858502,0.99999505,0.0,0.0,0.0,0.0,0.0,0.0,0.0,0.0,0.0,0.0,0.0,0.0,0.0,0.0,0.0,0.0,0.0,0.0,0.0,0.0,0.0,0.0006293139,0.0015502609,0.0025172555,0.00087489974,3.0698237e-05,0.00029163325,3.0698237e-05,0.0,0.0,0.0,0.22872845441662631,0.01765773945060497,0.004717433948181719,0.0010975894668794053,2.4969026061540195e-06,0.00014322504627597657,-5.651278976558726e-08,2.2908935546875,19.161298786204874,0.0,217.00000000000003,0.6552734375,9.501952874084658,-187.5,217.00000000000003,-0.12609863281250003,9.234287357559886,-193.50000000000006,201.50000000000003,-1.1696777343750002,18.523220514694216,-213.50000000000003,210.00000000000006,Normal
605.7226102941178,2.946936274509804,0.9853192468460599,0.9850961667225645,0.055569836886493314,0.9704144576914906,0.2118977117676473,0.9999953,0.0,0.0,0.0,0.0,0.0,0.0,0.0,0.0,0.0,0.0,0.0,0.0,0.0,0.0,0.0,0.0,0.0,0.0,0.0,0.0,0.0,0.0006151451,0.0011687757,0.0014148337,0.001153397,0.0013071834,0.0013994551,0.0007996886,0.0,0.0,0.0,0.35305426504424664,0.07814550690144675,0.030432948614221834,0.014499757992548488,0.0003028410732921488,0.0039041896527795186,3.257739860490247e-05,3.18817138671875,25.15577247170838,0.0,336.50000000000006,0.15203857421875,7.291062543428353,-212.00000000000006,210.50000000000003,-0.01989746093749999,6.530824847049959,-225.00000000000003,226.00000000000003,0.7506103515625,23.883025245792105,-218.50000000000003,229.00000000000003,Normal
293.72333026960786,1.5812959558823527,0.9913175544416242,0.9912249103852727,0.0540621526955057,0.9825268229682919,0.1143202575975818,0.9999957,0.0,0.0,0.0,0.0,0.0,0.0,0.0,0.0,0.0,0.0,0.0,0.0,0.0,0.0,0.0,0.0,0.0,0.0,0.0,0.0,0.0,0.0025752145,0.001302936,0.00039854512,0.0002605872,3.0657317e-05,1.5328658e-05,0.0,0.0,0.0,0.0,0.24842222719856716,0.0165947916600567,0.007429633030592982,0.0005248087617980074,-5.243333985578388e-07,-4.331330043493928e-05,-8.93863067623907e-07,1.6956787109375002,16.204881500691727,0.0,283.50000000000006,0.009948730468749986,8.353810861252162,-184.00000000000006,198.00000000000006,-0.030700683593750017,8.291887910740044,-195.00000000000003,182.00000000000003,0.50830078125,15.058773347449096,-207.50000000000006,207.50000000000003,Normal
0.0,0.0,1.0,1.0,1.0,1.0,-0.0,1.0,0.0,0.0,0.0,0.0,0.0,0.0,0.0,0.0,0.0,0.0,0.0,0.0,0.0,0.0,0.0,0.0,0.0,0.0,0.0,0.0,0.0,0.0,0.0,0.0,0.0,0.0,0.0,0.0,0.0,0.0,0.0,0.0,0.0,0.0,0.0,0.0,0.0,0.0,0.0,0.0,0.0,0.0,0.0,0.0,0.0,0.0,0.0,0.0,0.0,0.0,0.0,0.0,0.0,0.0,Normal
452.43379289215693,2.3175857843137257,0.9878116969269675,0.987516729418209,0.085042022276547,0.9751892908808362,0.17247351546430167,0.9999942,0.0,0.0,0.0,0.0,0.0,0.0,0.0,0.0,0.0,0.0,0.0,0.0,0.0,0.0,0.0,0.0,0.0,0.0,0.0,0.0,0.0,0.0008294755,0.0017357543,0.0014439018,0.0023962627,0.00027649183,0.0,0.0,0.0,0.0,0.0,0.2539371432841167,0.02386317407227987,0.008904830709827179,0.0011477813864479531,2.619276702763072e-06,9.324170852696865e-05,2.5698816417195972e-06,2.5884704589843754,22.575162695036763,0.0,308.50000000000006,0.10330200195312501,6.1664504017095645,-204.5,208.50000000000003,0.02719116210937498,4.881750736668246,-103.00000000000001,205.50000000000003,0.220001220703125,20.811602973700982,-206.50000000000003,210.00000000000003,Normal
1.0037071078431372,0.005545343137254902,0.999969363680244,0.9999693629797657,-1.53188621149221e-05,0.9999387268981583,0.0005342226218570144,1.0,0.0,0.0,0.0,0.0,0.0,0.0,0.0,0.0,0.0,0.0,0.0,0.0,0.0,0.0,0.0,0.0,0.0,0.0,0.0,0.0,0.0,1.5259022e-05,0.0,0.0,0.0,0.0,0.0,0.0,0.0,0.0,0.0,0.0,0.0,0.0,0.0,0.0,0.0,0.0,0.005523681640625001,0.7070096727893443,0.0,90.50000000000001,0.005523681640625001,0.7070096727893443,0.0,90.50000000000001,-0.005523681640625001,0.7070096727893443,-90.50000000000001,0.0,-0.005523681640625001,0.7070096727893443,-90.50000000000001,0.0,Normal
1388.8187653186276,6.9922947303921585,0.963771699018603,0.9631232402327874,0.0676221297045149,0.9276063758765035,0.4609175438941859,0.99995583,0.0,0.0,0.0,0.0,0.0,0.0,0.0,0.0,0.0,0.0,0.0,0.0,0.0,0.0,0.0,0.0,0.0,0.0,0.0,0.0,0.0,0.0013381707,0.0040611927,0.0045435564,0.0056794453,0.004138993,3.112025e-05,0.0,0.0,0.0,0.0,0.21826700358029777,0.013467173429845542,0.0035729313704148287,0.00025792430988329023,1.6585976432014356e-07,1.4957827692779979e-05,-1.83837782738016e-07,7.7021484375,38.134798773092996,0.0,400.50000000000006,0.04473876953124999,12.393328309105126,-209.00000000000006,208.50000000000003,0.14666748046875003,10.867920586694062,-212.00000000000003,211.50000000000003,0.6064453125000001,35.73809561564995,-216.50000000000003,212.00000000000003,Normal
1357.9143382352943,6.528216911764706,0.9674759774005722,0.9665812974277784,0.0844746081101057,0.9342794045371674,0.4370697765009331,0.999974,0.0,0.0,0.0,0.0,0.0,0.0,0.0,0.0,0.0,0.0,0.0,0.0,0.0,0.0,0.0,0.0,0.0,0.0,0.0,0.0,0.0,0.001025232,0.0027028844,0.0026873506,0.0036504474,0.004085394,0.0018951258,0.0,0.0004349469,0.0015689157,0.0,0.2708119765804149,0.03940276368177501,0.0056969401040061814,0.0015959525917123658,4.795475080065954e-06,0.00031111413576288024,4.01806883053308e-07,7.311248779296875,37.1679611853398,0.0,327.0,-0.8133239746093751,14.496100173840583,-241.00000000000003,218.00000000000006,0.317413330078125,15.134412711390855,-216.00000000000003,220.50000000000003,0.11605834960937494,34.03685474271777,-221.50000000000003,220.50000000000003,Normal
520.0097120098039,2.7424325980392164,0.9851169157038329,0.9847457390056344,0.09331844379469915,0.9697241704897531,0.20295442848417516,0.999991,0.0,0.0,0.0,0.0,0.0,0.0,0.0,0.0,0.0,0.0,0.0,0.0,0.0,0.0,0.0,0.0,0.0,0.0,0.0,0.0,0.0,0.0023843006,0.0030611341,0.0014151977,0.0008460421,0.00032303427,9.229551e-05,0.0,0.0,0.0,0.0,0.31153845517796175,0.06074987252413362,0.007364469765748758,0.002960773935076117,1.3805328665484606e-05,0.0007288149988168687,-7.452425037595723e-07,3.057281494140625,22.44209738562287,0.0,305.00000000000006,0.464324951171875,11.980218217378527,-204.0,217.00000000000003,-0.032196044921875014,10.481074446094457,-197.00000000000003,196.50000000000003,-0.197418212890625,19.897950862703695,-212.50000000000003,210.00000000000003,Normal
1961.08371629902,9.699770220588235,0.9506564590097032,0.9494245766387917,0.06625579643527092,0.9014070267257487,0.6131523167371505,0.9999273,0.0,0.0,0.0,0.0,0.0,0.0,0.0,0.0,0.0,0.0,0.0,0.0,0.0,0.0,0.0,0.0,0.0,0.0,0.0,0.0,0.0,0.004216523,0.0063482965,0.0020690744,0.001959351,0.005658605,0.006865565,0.00021944729,0.0,0.0,0.0,0.3379096085213309,0.0672867481541499,0.023461605054207513,0.008840089234162452,0.00012490739741095994,0.0021248249568545613,2.4618617570458274e-05,10.71337890625,45.00424786492582,0.0,440.00000000000006,0.17462158203125008,14.759709479005727,-215.00000000000003,224.00000000000003,-0.024536132812499986,14.645847972102423,-224.50000000000003,223.00000000000006,1.0946655273437502,41.97992420770681,-224.00000000000003,223.50000000000006,Normal
199.24160539215688,1.0653186274509805,0.9942863152520435,0.9942561086403168,0.013078215445733442,0.9885452095685854,0.07918112111727445,0.99999815,0.0,0.0,0.0,0.0,0.0,0.0,0.0,0.0,0.0,0.0,0.0,0.0,0.0,0.0,0.0,0.0,0.0,0.0,0.0,0.0,0.0,0.00071930204,0.0017140814,0.0005509547,0.0,0.0,0.0,0.0,0.0,0.0,0.0,0.26387161103188644,0.022769155327119255,0.01101568926688027,0.0007349077662989192,-1.8958562529834277e-06,-8.978942792577919e-05,8.820608990606732e-07,1.1132507324218752,14.128674839275932,0.0,281.00000000000006,0.039947509765625014,3.1056442005749934,-91.50000000000003,94.00000000000003,0.027984619140625017,5.192882532359135,-189.50000000000003,192.50000000000003,0.5340270996093751,13.377664244111223,-192.50000000000006,196.00000000000003,Normal
879.3091758578432,4.4498927696078425,0.9772913081142591,0.9771643533587419,0.011301118402663677,0.9548501734750081,0.2946156347954246,0.9999838,0.0,0.0,0.0,0.0,0.0,0.0,0.0,0.0,0.0,0.0,0.0,0.0,0.0,0.0,0.0,0.0,0.0,0.0,0.0,0.0,0.0,0.0010343968,0.002670905,0.0025782725,0.0038133732,0.0017137021,0.0,0.0,0.0,0.0,0.0,0.24782055783608853,0.02202096454213176,0.007656669235097283,0.0016963512403026528,5.961900612912617e-06,0.00022272215029019507,1.3532404619849762e-06,4.603240966796875,29.516970772638818,0.0,315.50000000000006,0.057159423828125014,6.15362819032478,-196.00000000000003,201.50000000000003,0.010223388671875017,6.70785379885521,-209.0,198.0,-0.119964599609375,29.05037335162604,-212.00000000000003,211.50000000000003,Normal
877.4157781862746,4.511182598039215,0.9764405718329258,0.975678761150691,0.07203287692942578,0.9519490449605471,0.316341408842672,0.99998057,0.0,0.0,0.0,0.0,0.0,0.0,0.0,0.0,0.0,0.0,0.0,0.0,0.0,0.0,0.0,0.0,0.0,0.0,0.0,0.0,0.0,0.0017001479,0.00417309,0.0031220897,0.0027047805,0.0012364711,0.0,0.0,0.0,0.0,0.0,0.41316912304200076,0.13038957168453025,0.03255036319346616,0.021372749204457916,0.0005636051158970594,0.007693458888241609,1.1701178759714254e-05,4.955444335937501,30.882683023663372,0.0,319.5000000000001,0.05059814453124997,8.510482801423013,-205.00000000000003,214.00000000000003,0.01824951171875,6.5122192247123145,-204.50000000000003,208.00000000000006,1.539794921875,28.835861887040764,-214.00000000000003,214.00000000000003,Normal
74.10635723039216,0.40586703431372545,0.9977068680663438,0.9976411988122363,0.10963395075266541,0.9952879615675161,0.03283674024745073,0.9999995,0.0,0.0,0.0,0.0,0.0,0.0,0.0,0.0,0.0,0.0,0.0,0.0,0.0,0.0,0.0,0.0,0.0,0.0,0.0,0.0,0.0,0.00093195174,0.00032083585,0.0,0.0,0.0,0.0,0.0,0.0,0.0,0.0,0.6387118798361355,0.3357078849148065,0.00624736981235775,0.002879448583233743,1.158769326957126e-05,0.0013496270726305456,-3.856945847332877e-06,0.457183837890625,8.555827957878591,0.0,187.50000000000006,0.08975219726562503,3.7654326762505077,-183.0,91.50000000000003,-0.01132202148437501,3.1813105286962435,-91.50000000000003,91.50000000000003,-0.044647216796875,8.327276980163,-187.50000000000006,186.50000000000003,Normal
27.819056372549017,0.1517156862745098,0.9991575001022969,0.9991421878645051,0.06898681737304309,0.99828511157067,0.013343381952915357,0.9999999,0.0,0.0,0.0,0.0,0.0,0.0,0.0,0.0,0.0,0.0,0.0,0.0,0.0,0.0,0.0,0.0,0.0,0.0,0.0,0.0,0.0,0.00027478396,0.00018318932,0.0,0.0,0.0,0.0,0.0,0.0,0.0,0.0,0.2255655003914658,0.021046338393550693,0.00021043875479193267,7.279448539838051e-06,-1.1883135472056531e-10,-6.273671436747905e-07,-2.589476729427689e-10,0.16793823242187503,5.364887994219517,0.0,189.00000000000006,0.011138916015625,1.4141427193196183,-90.50000000000001,90.50000000000001,0.011260986328125,1.41414175252752,-90.50000000000001,90.50000000000001,0.10092163085937503,5.366566990623929,-185.0,189.00000000000006,Normal
1163.2575367647057,6.272487745098039,0.9657595272921737,0.9653764951887722,0.029405411465995727,0.9319517774629575,0.3828850965978664,0.9999288,0.0,0.0,0.0,0.0,0.0,0.0,0.0,0.0,0.0,0.0,0.0,0.0,0.0,0.0,0.0,0.0,0.0,0.0,0.0,0.0,0.0,0.006927339,0.0096144015,0.00144449,0.0,0.0,0.0,0.0,0.0,0.0,0.0,0.349043879135918,0.07521435773387802,0.0025430769233760883,0.00021603008054444197,1.1631936839311274e-07,3.401193299062755e-05,1.1004030769523691e-07,6.55242919921875,33.93785740858887,0.0,287.50000000000006,0.08270263671874999,8.904438679321773,-192.50000000000006,185.50000000000003,0.03796386718750001,10.20507759860827,-191.50000000000003,192.00000000000003,2.4798583984375,32.34866532441431,-192.00000000000003,195.00000000000003,Normal
35.90836397058823,0.19626225490196078,0.9989078138956059,0.9988971177883095,0.05282258525706876,0.9977954519257918,0.01638312295250283,0.99999994,0.0,0.0,0.0,0.0,0.0,0.0,0.0,0.0,0.0,0.0,0.0,0.0,0.0,0.0,0.0,0.0,0.0,0.0,0.0,0.0,0.0,0.0003969526,0.00016794149,0.0,0.0,0.0,0.0,0.0,0.0,0.0,0.0,0.16666666666606034,0.0,1.1317898731256804e-20,7.727934872776663e-21,-1.7900349942664304e-41,0.0,7.002151170141299e-41,0.20654296875000003,5.29546936199037,0.0,186.00000000000003,0.006164550781250002,3.1144095683212845,-92.0,94.00000000000003,0.016845703124999997,3.4252208829922526,-182.50000000000003,93.50000000000001,0.016418457031249972,5.104071833538883,-186.00000000000003,183.0,Normal
242.27941176470588,1.303952205882353,0.9928655992755987,0.9928013369721419,0.04568036296587226,0.9856544946936725,0.09681907815355205,0.99999714,0.0,0.0,0.0,0.0,0.0,0.0,0.0,0.0,0.0,0.0,0.0,0.0,0.0,0.0,0.0,0.0,0.0,0.0,0.0,0.0,0.0,0.0013477257,0.0019143831,0.00042882183,0.0,0.0,0.0,0.0,0.0,0.0,0.0,0.29996133371538075,0.018587619857837537,0.023423003977283623,0.006084830178252776,6.885163219668824e-05,0.00046210288645140077,2.316168138520655e-05,1.365966796875,14.500746426197043,0.0,280.00000000000006,-0.02905273437500003,7.076146466101384,-184.50000000000006,185.50000000000003,0.02819824218750002,7.78307337922013,-186.00000000000003,190.00000000000003,-0.3994140625,13.590297321887489,-198.50000000000003,191.00000000000003,Normal
